<!-- $Id: env.xml,v 1.7 2012/04/02 02:08:33 dmitriy Exp $
   Defines current environment specific variables -->
  <expression variable="PATH SEPARATOR">
      <value name="path.separator" type="property"/>
  </expression>
  <variable name="PROJECT_HOME" type="path">.</variable>
  <!-- Only this may require to change -->
  <variable name="JAVA_HOME"/>
  <expression variable="JAVA_HOME">
     <if>
       <expression>
         <operator name="eq">
            <value>/</value>
            <value name="file.separator" type="property"/>
         </operator>
       </expression>
       <block type="then">
         <function name="scalar">
            <parameter>
               <function name="cropname">
                  <parameter name="java.home" type="property"/>
                  <parameter>/jre</parameter>
               </function> 
             </parameter>
          </function>
       </block>
       <block type="else">
         <value name="java.home" type="property"/>
       </block>
     </if>
  </expression> 
  <variable name="comp target">1.5</variable>
  <expression variable="JAVA_HOME">
     <function name="cropname">
        <parameter variable="JAVA_HOME"/>
        <parameter>\\jre</parameter>
        <!--parameter>jdk</parameter-->
     </function>
  </expression> 

  <variable name="APP DEPLOY DROP">E:\Projects\tjws\webapps</variable>
  
  <expression variable="CUSTOM CP">
    <operator name="append">
       <value></value>
    </operator>
  </expression>
